[
    {
      "order_id": "#12523C",
      "date_time": "May 5, 4:15 PM",
      "customer_name": "Jayden Walker",
      "payment_status": "Paid",
      "order_status": "Ready",
      "amount": "$34.36"
    },
    {
      "order_id": "#12524D",
      "date_time": "May 6, 2:30 PM",
      "customer_name": "Sophia Johnson",
      "payment_status": "Unpaid",
      "order_status": "Processing",
      "amount": "$20.99"
    },
    {
      "order_id": "#12525E",
      "date_time": "May 7, 1:15 PM",
      "customer_name": "Ethan Brown",
      "payment_status": "Paid",
      "order_status": "Shipped",
      "amount": "$45.50"
    },
    {
      "order_id": "#12526F",
      "date_time": "May 8, 3:00 PM",
      "customer_name": "Emma Davis",
      "payment_status": "Paid",
      "order_status": "Delivered",
      "amount": "$38.20"
    },
    {
      "order_id": "#12527G",
      "date_time": "May 9, 11:45 AM",
      "customer_name": "Liam Miller",
      "payment_status": "Unpaid",
      "order_status": "Pending",
      "amount": "$28.75"
    },
    {
      "order_id": "#12528H",
      "date_time": "May 10, 12:30 PM",
      "customer_name": "Olivia Garcia",
      "payment_status": "Paid",
      "order_status": "Ready",
      "amount": "$50.00"
    },
    {
      "order_id": "#12529I",
      "date_time": "May 11, 5:10 PM",
      "customer_name": "Mason Martinez",
      "payment_status": "Unpaid",
      "order_status": "Processing",
      "amount": "$65.45"
    },
    {
      "order_id": "#12530J",
      "date_time": "May 12, 4:00 PM",
      "customer_name": "Ava Rodriguez",
      "payment_status": "Paid",
      "order_status": "Shipped",
      "amount": "$15.99"
    },
    {
      "order_id": "#12531K",
      "date_time": "May 13, 2:45 PM",
      "customer_name": "Noah Wilson",
      "payment_status": "Paid",
      "order_status": "Delivered",
      "amount": "$22.15"
    },
    {
      "order_id": "#12532L",
      "date_time": "May 14, 10:30 AM",
      "customer_name": "Isabella Lee",
      "payment_status": "Unpaid",
      "order_status": "Ready",
      "amount": "$37.80"
    },
    {
      "order_id": "#12533M",
      "date_time": "May 15, 1:20 PM",
      "customer_name": "James Walker",
      "payment_status": "Paid",
      "order_status": "Processing",
      "amount": "$42.00"
    },
    {
      "order_id": "#12534N",
      "date_time": "May 16, 12:00 PM",
      "customer_name": "Ella Young",
      "payment_status": "Unpaid",
      "order_status": "Shipped",
      "amount": "$29.99"
    },
    {
      "order_id": "#12535O",
      "date_time": "May 17, 3:15 PM",
      "customer_name": "Lucas King",
      "payment_status": "Paid",
      "order_status": "Delivered",
      "amount": "$55.60"
    },
    {
      "order_id": "#12536P",
      "date_time": "May 18, 2:05 PM",
      "customer_name": "Mia Wright",
      "payment_status": "Paid",
      "order_status": "Ready",
      "amount": "$33.40"
    }
  ]
  