[
    {
      "id": 1,
      "couponCode": "SAVE20",
      "couponType": "Percentage Discount",
      "discountValue": 30,
      "expirationDate": "2024-04-13",
      "description": "Save 30% on your next purchase",
      "status": "active",
      "timesUsed": 175,
      "creationDate": "2024-03-05"
    },
    {
      "id": 2,
      "couponCode": "SAVE30",
      "couponType": "Price Discount",
      "discountValue": 34.42,
      "expirationDate": "2024-05-30",
      "description": "Save $34.42 on your next purchase",
      "status": "expired",
      "timesUsed": 134,
      "creationDate": "2024-02-17"
    },
    {
      "id": 3,
      "couponCode": "HALFOFF",
      "couponType": "Percentage Discount",
      "discountValue": 50,
      "expirationDate": "2024-06-20",
      "description": "Save 50% on your next purchase",
      "status": "redeemed",
      "timesUsed": 78,
      "creationDate": "2024-03-14"
    },
    {
      "id": 4,
      "couponCode": "FREESHIP",
      "couponType": "Free Shipping",
      "discountValue": 0,
      "expirationDate": "2024-07-10",
      "description": "on free shipping for your next purchase",
      "status": "active",
      "timesUsed": 0,
      "creationDate": "2024-04-09"
    },
    {
      "id": 5,
      "couponCode": "SAVE10",
      "couponType": "Price Discount",
      "discountValue": 8.56,
      "expirationDate": "2024-09-11",
      "description": "Save $8.56 on your next purchase",
      "status": "redeemed",
      "timesUsed": 123,
      "creationDate": "2024-08-17"
    },
    {
      "id": 6,
      "couponCode": "SAVE20",
      "couponType": "Percentage Discount",
      "discountValue": 40,
      "expirationDate": "2024-11-05",
      "description": "Save 40% on your next purchase",
      "status": "expired",
      "timesUsed": 10,
      "creationDate": "2024-06-01"
    },
    {
      "id": 7,
      "couponCode": "SAVE30",
      "couponType": "Price Discount",
      "discountValue": 15.73,
      "expirationDate": "2024-12-25",
      "description": "Save $15.73 on your next purchase",
      "status": "active",
      "timesUsed": 45,
      "creationDate": "2024-11-02"
    },
    {
      "id": 8,
      "couponCode": "HALFOFF",
      "couponType": "Percentage Discount",
      "discountValue": 60,
      "expirationDate": "2024-12-09",
      "description": "Save 60% on your next purchase",
      "status": "expired",
      "timesUsed": 200,
      "creationDate": "2024-10-30"
    },
    {
      "id": 9,
      "couponCode": "FREESHIP",
      "couponType": "Free Shipping",
      "discountValue": 0,
      "expirationDate": "2024-10-21",
      "description": "on free shipping for your next purchase",
      "status": "redeemed",
      "timesUsed": 102,
      "creationDate": "2024-09-22"
    },
    {
      "id": 10,
      "couponCode": "SAVE10",
      "couponType": "Price Discount",
      "discountValue": 42.91,
      "expirationDate": "2024-03-12",
      "description": "Save $42.91 on your next purchase",
      "status": "active",
      "timesUsed": 89,
      "creationDate": "2024-01-05"
    }
  ]
  